{"stats":{"minecraft:mined":{"minecraft:large_fern":2,"minecraft:grass":1,"minecraft:vine":3,"treechop:chopped_log":2},"minecraft:killed_by":{"minecraft:zombie":1},"minecraft:custom":{"minecraft:time_since_rest":5223,"minecraft:crouch_one_cm":1878,"minecraft:sprint_one_cm":12581,"minecraft:play_time":13118,"minecraft:damage_taken":240,"minecraft:deaths":1,"minecraft:walk_one_cm":18136,"minecraft:sneak_time":1352,"minecraft:walk_under_water_one_cm":1947,"minecraft:jump":80,"minecraft:damage_dealt":48,"minecraft:leave_game":5,"minecraft:walk_on_water_one_cm":885,"minecraft:time_since_death":5180,"minecraft:climb_one_cm":2669,"minecraft:total_world_time":13118,"minecraft:swim_one_cm":127,"minecraft:fall_one_cm":1588,"minecraft:fly_one_cm":130261},"minecraft:used":{"minecraft:jungle_sapling":1,"minecraft:jungle_log":5},"minecraft:picked_up":{"minecraft:jungle_log":11,"minecraft:jungle_sapling":1}},"DataVersion":3465}