{"stats":{"minecraft:killed_by":{"minecraft:zombie":12},"minecraft:killed":{"bloomingnature:bison":8,"minecraft:spider":1,"minecraft:iron_golem":1,"minecraft:creeper":2,"minecraft:squid":2,"minecraft:sheep":5,"minecraft:skeleton":4,"minecraft:zombie":17,"bloomingnature:boar":7,"minecraft:villager":5,"minecraft:cow":2},"minecraft:picked_up":{"minecraft:crafting_table":2,"minecraft:leather_chestplate":1,"bloomingnature:laterit":1,"minecraft:jungle_log":16,"minecraft:leather":7,"minecraft:oak_stairs":3,"avalight:python357_overrider":2,"minecraft:oak_log":70,"minecraft:gunpowder":2,"minecraft:dirt":3,"minecraft:string":2,"minecraft:bone":2,"minecraft:apple":2,"minecraft:wheat_seeds":3,"minecraft:beef":10,"minecraft:iron_ingot":4,"minecraft:jungle_sapling":2,"minecraft:poppy":1,"minecraft:iron_pickaxe":1,"minecraft:bamboo":9,"minecraft:acacia_sapling":7,"minecraft:stick":24,"minecraft:big_dripleaf":2,"minecraft:acacia_log":18,"minecraft:porkchop":7,"horror_element_mod:impaled_head":1,"minecraft:rotten_flesh":9,"minecraft:oak_sapling":25,"minecraft:melon_seeds":3,"minecraft:mutton":8,"minecraft:white_wool":5,"minecraft:cobblestone":15},"minecraft:used":{"minecraft:acacia_log":1,"horror_element_mod:impaled_head":1,"minecraft:wooden_pickaxe":15,"minecraft:rotten_flesh":1,"minecraft:dirt":31,"minecraft:crafting_table":3,"minecraft:wooden_axe":51,"minecraft:apple":2,"minecraft:oak_stairs":66,"minecraft:iron_axe":13,"minecraft:soul_lantern":1,"minecraft:bamboo":24,"minecraft:chiseled_stone_bricks":38},"minecraft:mined":{"minecraft:jungle_leaves":5,"minecraft:crafting_table":2,"minecraft:jungle_log":8,"bloomingnature:mossy_laterit":1,"minecraft:glass":2,"minecraft:tall_grass":8,"horror_element_mod:impaled_head":1,"minecraft:large_fern":1,"treechop:chopped_log":9,"minecraft:grass":8,"minecraft:oak_log":1,"minecraft:vine":2,"minecraft:stone":15,"minecraft:small_dripleaf":1,"minecraft:oak_leaves":3,"minecraft:fern":3},"minecraft:crafted":{"minecraft:oak_planks":68,"minecraft:crafting_table":2,"minecraft:wooden_pickaxe":1,"minecraft:iron_axe":1,"minecraft:stick":4,"minecraft:stone_pickaxe":1,"minecraft:wooden_axe":1,"minecraft:acacia_planks":40},"minecraft:custom":{"minecraft:mob_kills":54,"minecraft:interact_with_crafting_table":6,"minecraft:open_barrel":1,"minecraft:leave_game":9,"minecraft:time_since_death":6922,"minecraft:climb_one_cm":12500,"minecraft:time_since_rest":7075,"minecraft:sprint_one_cm":80066,"minecraft:damage_taken":3800,"minecraft:walk_one_cm":180698,"minecraft:trigger_trapped_chest":1,"minecraft:damage_dealt":9461,"minecraft:swim_one_cm":6115,"minecraft:fly_one_cm":1627313,"minecraft:open_chest":6,"minecraft:crouch_one_cm":469,"minecraft:play_time":180571,"minecraft:deaths":17,"minecraft:sneak_time":3765,"minecraft:walk_under_water_one_cm":8701,"minecraft:jump":891,"minecraft:walk_on_water_one_cm":8188,"minecraft:total_world_time":180571,"minecraft:fall_one_cm":22921}},"DataVersion":3465}