{"stats":{"minecraft:mined":{"minecraft:grass":2,"minecraft:tall_grass":1,"minecraft:glass":2,"minecraft:small_dripleaf":1,"treechop:chopped_log":1,"minecraft:large_fern":1},"minecraft:used":{"minecraft:rotten_flesh":1,"minecraft:acacia_log":1},"minecraft:picked_up":{"minecraft:stick":1,"minecraft:leather_chestplate":1,"minecraft:rotten_flesh":3,"minecraft:big_dripleaf":2,"minecraft:leather":5,"minecraft:acacia_log":4,"minecraft:beef":6,"minecraft:porkchop":6,"minecraft:acacia_sapling":1,"minecraft:string":2},"minecraft:custom":{"minecraft:open_chest":4,"minecraft:time_since_rest":42568,"minecraft:play_time":42568,"minecraft:crouch_one_cm":157,"minecraft:sprint_one_cm":21410,"minecraft:damage_taken":105,"minecraft:walk_one_cm":61614,"minecraft:trigger_trapped_chest":1,"minecraft:sneak_time":861,"minecraft:walk_under_water_one_cm":171,"minecraft:mob_kills":21,"minecraft:jump":191,"minecraft:damage_dealt":3293,"minecraft:leave_game":1,"minecraft:time_since_death":42568,"minecraft:walk_on_water_one_cm":2292,"minecraft:total_world_time":42568,"minecraft:climb_one_cm":2505,"minecraft:swim_one_cm":1380,"minecraft:fall_one_cm":1646,"minecraft:fly_one_cm":489776},"minecraft:killed":{"minecraft:skeleton":3,"minecraft:spider":1,"bloomingnature:boar":6,"minecraft:zombie":4,"bloomingnature:bison":6,"minecraft:creeper":1}},"DataVersion":3465}