{"stats":{"minecraft:mined":{"minecraft:large_fern":1,"treechop:chopped_log":3,"minecraft:crafting_table":1,"minecraft:grass":2,"minecraft:glass":2,"minecraft:tall_grass":4,"minecraft:small_dripleaf":1},"minecraft:used":{"minecraft:acacia_log":1,"minecraft:iron_axe":13,"minecraft:rotten_flesh":1,"minecraft:crafting_table":1},"minecraft:picked_up":{"minecraft:crafting_table":1,"minecraft:stick":1,"minecraft:leather_chestplate":1,"minecraft:big_dripleaf":2,"minecraft:leather":5,"minecraft:acacia_log":18,"minecraft:porkchop":7,"minecraft:gunpowder":2,"minecraft:string":2,"minecraft:bone":2,"minecraft:rotten_flesh":3,"minecraft:iron_ingot":4,"minecraft:beef":6,"minecraft:poppy":1,"minecraft:melon_seeds":3,"minecraft:acacia_sapling":7},"minecraft:crafted":{"minecraft:iron_axe":1,"minecraft:crafting_table":1,"minecraft:stick":4,"minecraft:acacia_planks":40},"minecraft:custom":{"minecraft:time_since_rest":463,"minecraft:sprint_one_cm":45233,"minecraft:damage_taken":320,"minecraft:walk_one_cm":91785,"minecraft:trigger_trapped_chest":1,"minecraft:mob_kills":32,"minecraft:damage_dealt":6261,"minecraft:swim_one_cm":5591,"minecraft:interact_with_crafting_table":2,"minecraft:fly_one_cm":607146,"minecraft:open_chest":6,"minecraft:crouch_one_cm":213,"minecraft:play_time":112506,"minecraft:deaths":1,"minecraft:sneak_time":884,"minecraft:walk_under_water_one_cm":345,"minecraft:jump":400,"minecraft:leave_game":4,"minecraft:walk_on_water_one_cm":2686,"minecraft:time_since_death":385,"minecraft:climb_one_cm":2505,"minecraft:total_world_time":112506,"minecraft:fall_one_cm":1855},"minecraft:killed_by":{"minecraft:zombie":1},"minecraft:killed":{"minecraft:skeleton":4,"minecraft:zombie":4,"bloomingnature:bison":8,"minecraft:spider":1,"minecraft:iron_golem":1,"bloomingnature:boar":7,"minecraft:villager":5,"minecraft:creeper":2}},"DataVersion":3465}