{"stats":{"minecraft:killed_by":{"minecraft:zombie":12},"minecraft:killed":{"bloomingnature:bison":8,"minecraft:spider":1,"minecraft:iron_golem":1,"minecraft:creeper":2,"minecraft:squid":2,"minecraft:sheep":6,"minecraft:skeleton":4,"minecraft:zombie":18,"bloomingnature:boar":9,"minecraft:villager":5,"minecraft:cow":2},"minecraft:picked_up":{"minecraft:stripped_oak_log":1,"minecraft:crafting_table":5,"minecraft:leather_chestplate":1,"bloomingnature:laterit":1,"bloomingnature:aspen_sapling":7,"minecraft:jungle_log":16,"minecraft:leather":7,"minecraft:oak_stairs":3,"avalight:python357_overrider":2,"minecraft:oak_log":94,"minecraft:gunpowder":2,"minecraft:dirt":5,"minecraft:string":2,"minecraft:bone":2,"minecraft:apple":5,"minecraft:wheat_seeds":3,"minecraft:beef":10,"minecraft:iron_ingot":4,"minecraft:jungle_sapling":2,"minecraft:poppy":1,"minecraft:iron_pickaxe":1,"minecraft:bamboo":9,"bloomingnature:aspen_log":29,"minecraft:acacia_sapling":7,"minecraft:furnace":1,"minecraft:stick":35,"minecraft:big_dripleaf":2,"minecraft:acacia_log":18,"minecraft:porkchop":11,"minecraft:jungle_planks":9,"horror_element_mod:impaled_head":1,"minecraft:rotten_flesh":9,"minecraft:oak_sapling":45,"minecraft:melon_seeds":3,"minecraft:mutton":9,"minecraft:white_wool":6,"minecraft:cobblestone":32},"minecraft:used":{"minecraft:acacia_log":1,"minecraft:stone_pickaxe":1,"horror_element_mod:impaled_head":1,"minecraft:wooden_pickaxe":32,"minecraft:rotten_flesh":1,"minecraft:dirt":31,"minecraft:crafting_table":6,"bloomingnature:aspen_log":4,"minecraft:wooden_axe":96,"minecraft:apple":2,"minecraft:oak_stairs":66,"minecraft:iron_axe":13,"minecraft:stone_axe":13,"minecraft:soul_lantern":1,"minecraft:bamboo":24,"minecraft:chiseled_stone_bricks":38,"minecraft:furnace":1},"minecraft:mined":{"minecraft:jungle_leaves":5,"bloomingnature:aspen_log":4,"minecraft:crafting_table":5,"minecraft:grass_block":1,"minecraft:poppy":1,"minecraft:jungle_log":8,"bloomingnature:mossy_laterit":1,"minecraft:glass":2,"minecraft:tall_grass":9,"horror_element_mod:impaled_head":1,"minecraft:large_fern":2,"minecraft:furnace":1,"minecraft:birch_leaves":1,"treechop:chopped_log":11,"minecraft:grass":9,"minecraft:oak_log":1,"minecraft:vine":2,"minecraft:dirt":1,"minecraft:stripped_oak_log":1,"minecraft:stone":32,"minecraft:small_dripleaf":1,"minecraft:oak_leaves":3,"minecraft:fern":3},"minecraft:crafted":{"minecraft:wooden_sword":1,"minecraft:oak_planks":68,"minecraft:cooked_porkchop":4,"minecraft:crafting_table":3,"minecraft:wooden_pickaxe":2,"minecraft:furnace":1,"minecraft:stone_axe":1,"minecraft:air":0,"minecraft:jungle_planks":40,"minecraft:iron_axe":1,"minecraft:stick":4,"minecraft:stone_pickaxe":2,"minecraft:wooden_axe":2,"minecraft:stone_sword":1,"minecraft:acacia_planks":40},"minecraft:custom":{"minecraft:interact_with_furnace":4,"minecraft:mob_kills":58,"minecraft:interact_with_crafting_table":13,"minecraft:open_barrel":1,"minecraft:leave_game":10,"minecraft:time_since_death":6061,"minecraft:climb_one_cm":13619,"minecraft:time_since_rest":6187,"minecraft:sprint_one_cm":83033,"minecraft:damage_taken":4115,"minecraft:walk_one_cm":227472,"minecraft:trigger_trapped_chest":1,"minecraft:damage_dealt":10110,"minecraft:swim_one_cm":6115,"minecraft:fly_one_cm":1643458,"minecraft:open_chest":6,"minecraft:crouch_one_cm":469,"minecraft:play_time":197850,"minecraft:deaths":18,"minecraft:sneak_time":3791,"minecraft:walk_under_water_one_cm":8701,"minecraft:jump":1031,"minecraft:walk_on_water_one_cm":8188,"minecraft:total_world_time":197850,"minecraft:fall_one_cm":25853}},"DataVersion":3465}