{"stats":{"minecraft:used":{"minecraft:rotten_flesh":1},"minecraft:picked_up":{"minecraft:leather_chestplate":1,"minecraft:rotten_flesh":3,"minecraft:string":2},"minecraft:custom":{"minecraft:time_since_rest":18568,"minecraft:play_time":18568,"minecraft:crouch_one_cm":81,"minecraft:sprint_one_cm":2886,"minecraft:damage_taken":55,"minecraft:walk_one_cm":24270,"minecraft:sneak_time":510,"minecraft:walk_under_water_one_cm":47,"minecraft:mob_kills":8,"minecraft:jump":46,"minecraft:damage_dealt":1332,"minecraft:leave_game":1,"minecraft:time_since_death":18568,"minecraft:walk_on_water_one_cm":1982,"minecraft:total_world_time":18568,"minecraft:climb_one_cm":2073,"minecraft:fall_one_cm":209,"minecraft:fly_one_cm":262751},"minecraft:killed":{"minecraft:skeleton":2,"minecraft:spider":1,"minecraft:zombie":4,"minecraft:creeper":1}},"DataVersion":3465}