{"stats":{"minecraft:crafted":{"minecraft:iron_axe":1,"minecraft:crafting_table":1,"minecraft:stick":4,"minecraft:acacia_planks":40},"minecraft:killed_by":{"minecraft:zombie":6},"minecraft:used":{"minecraft:acacia_log":1,"minecraft:oak_stairs":66,"minecraft:iron_axe":13,"minecraft:rotten_flesh":1,"minecraft:chiseled_stone_bricks":38,"minecraft:dirt":31,"minecraft:crafting_table":1},"minecraft:mined":{"minecraft:large_fern":1,"minecraft:jungle_leaves":2,"treechop:chopped_log":5,"minecraft:crafting_table":1,"minecraft:grass":4,"minecraft:glass":2,"minecraft:tall_grass":4,"minecraft:small_dripleaf":1,"minecraft:fern":1},"minecraft:killed":{"minecraft:skeleton":4,"minecraft:zombie":13,"bloomingnature:bison":8,"minecraft:spider":1,"minecraft:iron_golem":1,"bloomingnature:boar":7,"minecraft:villager":5,"minecraft:squid":2,"minecraft:creeper":2},"minecraft:picked_up":{"minecraft:crafting_table":1,"minecraft:stick":5,"minecraft:leather_chestplate":1,"minecraft:jungle_log":2,"minecraft:big_dripleaf":2,"minecraft:leather":5,"minecraft:acacia_log":18,"minecraft:oak_stairs":3,"avalight:python357_overrider":1,"minecraft:porkchop":7,"minecraft:oak_log":7,"minecraft:gunpowder":2,"minecraft:dirt":2,"minecraft:string":2,"minecraft:bone":2,"minecraft:rotten_flesh":5,"minecraft:wheat_seeds":1,"minecraft:beef":6,"minecraft:iron_ingot":4,"minecraft:poppy":1,"minecraft:oak_sapling":3,"minecraft:melon_seeds":3,"minecraft:acacia_sapling":7},"minecraft:custom":{"minecraft:time_since_rest":261,"minecraft:sprint_one_cm":56974,"minecraft:damage_taken":1900,"minecraft:walk_one_cm":124743,"minecraft:trigger_trapped_chest":1,"minecraft:mob_kills":43,"minecraft:damage_dealt":7922,"minecraft:swim_one_cm":5591,"minecraft:interact_with_crafting_table":2,"minecraft:fly_one_cm":989915,"minecraft:open_chest":6,"minecraft:crouch_one_cm":385,"minecraft:play_time":139561,"minecraft:deaths":9,"minecraft:sneak_time":2147,"minecraft:walk_under_water_one_cm":5089,"minecraft:jump":540,"minecraft:leave_game":5,"minecraft:time_since_death":236,"minecraft:walk_on_water_one_cm":6277,"minecraft:climb_one_cm":4985,"minecraft:total_world_time":139561,"minecraft:fall_one_cm":9143}},"DataVersion":3465}