{"stats":{"minecraft:mined":{"minecraft:large_fern":1,"treechop:chopped_log":1,"minecraft:grass":2,"minecraft:glass":2,"minecraft:tall_grass":1,"minecraft:small_dripleaf":1},"minecraft:used":{"minecraft:acacia_log":1,"minecraft:rotten_flesh":1},"minecraft:picked_up":{"minecraft:stick":1,"minecraft:leather_chestplate":1,"minecraft:big_dripleaf":2,"minecraft:leather":5,"minecraft:acacia_log":4,"minecraft:porkchop":6,"minecraft:string":2,"minecraft:rotten_flesh":3,"minecraft:iron_ingot":4,"minecraft:beef":6,"minecraft:poppy":1,"minecraft:melon_seeds":3,"minecraft:acacia_sapling":1},"minecraft:custom":{"minecraft:time_since_rest":107942,"minecraft:sprint_one_cm":40504,"minecraft:damage_taken":105,"minecraft:walk_one_cm":73857,"minecraft:trigger_trapped_chest":1,"minecraft:mob_kills":23,"minecraft:damage_dealt":4237,"minecraft:swim_one_cm":1380,"minecraft:fly_one_cm":589715,"minecraft:open_chest":6,"minecraft:crouch_one_cm":157,"minecraft:play_time":107942,"minecraft:sneak_time":868,"minecraft:walk_under_water_one_cm":171,"minecraft:jump":338,"minecraft:leave_game":3,"minecraft:walk_on_water_one_cm":2544,"minecraft:time_since_death":107942,"minecraft:climb_one_cm":2505,"minecraft:total_world_time":107942,"minecraft:fall_one_cm":1646},"minecraft:killed":{"minecraft:skeleton":3,"minecraft:zombie":4,"bloomingnature:bison":6,"minecraft:spider":1,"minecraft:iron_golem":1,"bloomingnature:boar":6,"minecraft:villager":1,"minecraft:creeper":1}},"DataVersion":3465}